ID,Name
0b21a492ba9c43d4b89ba9a5727931e7,Claire 
1576ed3466864aba8f322c11ca4288b6,Kat Dalton
61df6d23b9b542148f535ba5e5dcc1f6,Jasmin Isla
8b2781789ec4406199b879bc7ce7a9c8,kylegunn
917d7cea9b574492a884bc4d440ca10f,lamiddleton
92b885750cf64a65b37e7f46ee0b2914,Cleo
9ca20b20a67445a498e06220336fffae,Matt McCallum
ba1d2aa9fb504b8393c6da8b8aa72f68,jessica-g-simpson
c0ba6947cb374f05b565b91df12dc6c0,Doug
c340d5fa857449b79dcd7d62adedbbe7,Katy
e4399369d3774814bef71f02632e8514,struanmclean
ff2bf49d88eb471092a4ae96004afba1,morganalexandra
